Id,Prediction
0,0.9983900801201986
1,0.9997129383616408
2,0.999330924268683
3,5.258125812750633e-07
4,0.25471463651128773
5,0.9999927920064486
6,3.1240613534515096e-05
7,0.00037606062637145427
8,0.9990086699140296
9,0.9974212639493485
10,0.9975872228171425
11,0.914880850249528
12,0.00013659510234572276
13,0.0006268256933270776
14,0.0027936648343946705
15,0.9592485439657908
16,0.9957635653860105
17,0.010510106659721232
18,1.062285643713388e-05
19,0.7395604169745292
20,1.211527015864002e-05
21,0.0013874088113174949
22,0.001641782721134197
23,0.9999971773916883
24,1.4701889801691339e-05
25,0.005081488866282884
26,0.995438230369658
27,0.15004891754353208
28,0.9741798333852224
29,0.9999300898301278
30,0.9949715518263498
31,0.9999926141382535
32,0.00013209253741144366
33,0.8518486827729992
34,0.9999916266534616
35,0.0004507573582823852
36,0.9999699828977744
37,0.999984343467629
38,0.9994823986705648
39,0.7371157827410639
40,0.999901605980663
41,0.012707095795986703
42,0.0003679817392567513
43,1.3679096932682364e-05
44,0.001733106375018376
45,0.0004957120786515395
46,0.6381366903301867
47,0.49535719587092764
48,0.9999544504972558
49,0.9999925867383678
50,0.9955224367333778
51,0.999999893112428
52,0.9994395448393083
53,5.334264998751639e-07
54,0.9999996011435305
55,0.008015077637286159
56,0.9996135076861838
57,0.9559905565196262
58,0.9148894061023011
59,0.9996225218139632
60,7.538224666053924e-08
61,0.00019577529888735185
62,0.9675649548736007
63,1.7392381773920326e-06
64,0.9975669911308239
65,0.9998114637936294
66,0.001837380742108744
67,0.6024515610779881
68,0.9979263578796249
69,6.33400721377082e-08
70,2.3081395315246377e-06
71,0.999888195604367
72,0.9999574685982281
73,0.9999997363719342
74,0.9992280066173332
75,0.9999786839421053
76,0.0005058469590909601
77,2.754234433781993e-06
78,0.9999927193887322
79,0.996518263254709
80,0.9999838551942414
81,1.926639908574112e-05
82,0.0033393125217569732
83,0.9757163596951021
84,0.9980379225830589
85,0.002619346551186173
86,0.9999195272844325
87,3.060320459650604e-05
88,0.9999999488141857
89,0.999998122512259
90,0.9982843797298973
91,0.00031927316274040754
92,1.1635930414752034e-05
93,0.9999953456547889
94,0.9988632139954047
95,0.8695022852649651
96,2.257063137768519e-06
97,0.9999352294468155
98,3.5996286333304634e-05
99,0.9999935491957674
100,0.0005097149536428114
101,0.9998516634946893
102,0.9721754844478829
103,0.0045063208569376565
104,0.9971315497334691
105,0.0004291798442758615
106,0.011780129677761536
107,0.9999988030660134
108,0.0001217092239568469
109,0.9999999677204218
110,0.9999840731334624
111,0.0003889690993880997
112,0.9999626082534468
113,0.008601896453385955
114,0.2058458822072597
115,7.374214326684067e-06
116,0.011662820484789248
117,0.9890721687401135
118,0.7945109798713049
119,0.9994658514411459
120,0.04412118064656128
121,0.9999999929932921
122,5.177155398822937e-06
123,0.998540757572548
124,0.9999996913238156
125,0.9726369570978344
126,0.0026426809255031833
127,0.00013216811138934298
128,0.9998403425687064
129,0.9999975942726993
130,0.9999996382355757
131,7.477528565975289e-05
132,0.00910992681976653
133,0.9943007913937105
134,0.000367451200535508
135,0.0047020510853781755
136,0.9847993338706224
137,0.00019721627997082355
138,0.9998377020694085
139,0.9992008128156822
140,0.8271361519841398
141,0.9999497420633983
142,0.9999633871227522
143,0.0011955075920046302
144,0.4481879342478572
145,0.00013157999598840237
146,0.999933044701431
147,0.9858794584019404
148,0.03873664575935608
149,0.0015114218643956748
150,0.999996992237837
151,0.003871320573411778
152,0.9989139203367251
153,0.9989642707232506
154,0.9991813924444845
155,2.460016518541658e-05
156,5.2997573813275034e-05
157,0.9998210247685915
158,0.9987121264230492
159,0.0033847543372947453
160,0.00019225262066690436
161,0.9999963844091885
162,0.9999832809896356
163,0.6965169088059722
164,0.9776592896859705
165,0.9985941758886239
166,0.003243537331280084
167,0.9999997250520084
168,0.0032978897819824536
169,0.9998262152754416
170,0.9941800169670014
171,1.1171882092058017e-05
172,0.0007518241526049001
173,0.9969698069314198
174,0.9914838449326336
175,0.9999875182023034
176,0.9940075238296551
177,0.9988706178328084
178,0.021442670694786583
179,7.366137646170396e-08
180,0.9999908853584979
181,0.9998950116288899
182,0.0024055692562697274
183,0.0036873154238432305
184,0.0025895154061348086
185,0.9990896554696505
186,0.013184231413061475
187,0.9999439495699094
188,1.0838665672604093e-06
189,0.999999984968708
190,0.894889419890142
191,0.0051894657364486545
192,0.99237298678296
193,0.9996959982939363
194,0.00020961189590836888
195,0.0003411211009318915
196,0.0011151569671408546
197,0.9987528186429759
198,0.9999681335477869
199,0.004672529507835985
200,3.8723098624553824e-05
201,0.0031912114086486264
202,0.9999878981155924
203,0.0023924341633806355
204,0.9989060191172863
205,0.03757131192332392
206,0.00032381894164038727
207,0.9990406285674841
208,2.407713927372536e-05
209,0.9999910833882655
210,0.00011831765499038899
211,1.0903929208889294e-05
212,0.9998798693459957
213,0.9999861591428852
214,0.05213297520138445
215,0.9937224050564452
216,0.9998727524458998
217,0.90354234580593
218,0.9977201037504451
219,0.9680145429708092
220,0.5817215135876435
221,0.000487305794008578
222,5.073783664349768e-08
223,0.9998817605812229
224,0.0015281727656018078
225,0.9998207818591649
226,0.999026582392961
227,1.2938386815592172e-05
228,0.970533777131562
229,8.778265957379994e-05
230,0.6526665761039734
231,0.9495944338547919
232,0.0027247360153929753
233,0.9964979971095687
234,1.140406617326322e-07
235,8.852821367782235e-05
236,2.8968454209195324e-08
237,1.8355726545841535e-05
238,0.0002449523945593574
239,0.0009149985160227682
240,0.9999990364611067
241,0.9706003626913203
242,7.506648411820711e-05
243,0.9999970694767792
244,0.9999100734277849
245,0.9730462861874001
246,0.7939532970571763
247,4.155577357993425e-06
248,0.9983920562529467
249,0.9997185355400775
250,4.026299143668954e-06
251,0.3361141625572705
252,0.9998006573529022
253,0.9763824015046857
254,0.0008686210262392845
255,0.006461453827283566
256,0.002088768583170476
257,5.630222144458094e-06
258,0.9999974522300062
259,0.9998251358229475
260,0.9994495412449296
261,3.572010063618295e-06
262,0.9999163632750034
263,0.9998618246875542
264,1.1399096131825755e-07
265,7.845073483862727e-05
266,0.004293658152224752
267,0.9999851808205628
268,0.0007126600285265808
269,8.629282758464394e-05
270,4.575396589826788e-06
271,0.046818062107526294
272,0.999995808603103
273,0.9876958947320417
274,0.9999857901156884
275,0.9999989400399305
276,0.0026807234074989555
277,2.5665437475905347e-05
278,0.9999382688699131
279,0.9980133787629217
280,0.1380070348858374
281,0.9998971306360016
282,0.9615021154192492
283,0.999954128758303
284,0.999992989126087
285,0.9995693279716505
286,0.9993435987304202
287,0.9953513442415981
288,0.9998979672554955
289,0.009387599806606308
290,0.999178199318222
291,0.00026942033897210373
292,0.0009378560516810051
293,6.777941078199235e-06
294,0.9999161323995022
295,1.7733548567574868e-07
296,0.9998238924951492
297,0.043097759820432666
298,0.9928772336704088
299,6.1387701272804045e-06
300,5.211442146446385e-06
301,0.9997927068408548
302,0.00011554927067848847
303,0.999929556950196
304,0.9999457067496719
305,0.008507217422612035
306,0.9999647451702256
307,0.00023360442980426352
308,1.5876213883039005e-06
309,0.8763660422746217
310,0.9999004639297874
311,0.9999990997213029
312,0.965206414728117
313,0.0018056085706139604
314,8.297480648849107e-05
315,0.999964048929242
316,0.9999999522249728
317,1.7480644868385197e-11
318,0.9756397062735672
319,0.9999449162396472
320,0.9999068822197712
321,0.9999842897124676
322,2.294856563037139e-06
323,0.0034978742356378298
324,0.9995532803230703
325,0.9975847006777164
326,0.13405770259872418
327,0.9999862368982639
328,0.010530292770851013
329,0.999997842567732
330,0.9985066169357684
331,0.6275455029619047
332,0.9999942652250161
333,0.9930678377828268
334,0.001269718866778906
335,0.0001529809030783877
336,2.359930733033017e-05
337,0.9999625781268345
338,0.004790806775102504
339,0.00029758438349770504
340,0.0006835293011970407
341,4.748979605737256e-05
342,0.9979460991423088
343,0.9019210908440499
344,0.009843326934368178
345,0.9989313282682507
346,7.87277592984562e-06
347,0.9999804052647935
348,0.9783218131906929
349,0.999999951364923
350,0.9984406612397684
351,0.9985749622403595
352,0.003553481197345535
353,0.9999991417081288
354,0.9993578518464391
355,0.00010486572989679419
356,0.9999981857336127
357,1.963413337667116e-06
358,8.248597444354554e-06
359,1.1979899535651276e-07
360,0.02733542757787085
361,0.001155430817569702
362,0.9996728582089947
363,0.0004986632278610604
364,0.9998572878784677
365,0.9996691795319143
366,0.9979828031111515
367,0.9839508495061903
368,0.9997197074326019
369,0.00017904688259306586
370,0.002146707858445242
371,8.962725760820556e-09
372,0.9999980715865313
373,0.0015036981536756967
374,0.9963320021035658
375,0.8951537905844814
376,2.983667362446119e-05
377,0.9919397084822503
378,0.0002738822030172378
379,0.9996848762557975
380,0.9985476848720821
381,0.00011944302374976267
382,0.08683304248802669
383,0.9100544979431714
384,0.9989451181600694
385,0.9927386614712224
386,5.062639575958206e-06
387,0.00038211132274432104
388,9.464598055410696e-07
389,0.35716721235734106
390,0.966975348033626
391,0.999605441714314
392,0.04758209420231956
393,0.004083920015640175
394,0.0037374170657992656
395,0.9976817010434095
396,0.000346764459091868
397,5.7513752787478945e-06
398,0.9999825367118557
399,0.01856956492869825
400,0.9999702599910354
401,0.9999937889619553
402,0.9977258684970245
403,0.002710692317425618
404,0.0031904891461862184
405,0.001757489647433537
406,1.2743594040109652e-06
407,0.03900630499775561
408,0.01454728307288406
409,0.9999546023871208
410,0.9999876294427775
411,0.9978570774859594
412,0.0021836267054731293
413,0.9909162596124227
414,0.0004626823624735369
415,0.00011074190058968139
416,1.7829116213012983e-05
417,8.900386805001909e-06
418,0.0013647099539156695
419,0.7330302367409004
420,0.9999997471048669
421,1.8096961663087372e-05
422,0.9726031915735944
423,0.07265325271660138
424,0.9999735229915825
425,5.943669894480284e-07
426,0.999136232471277
427,0.009549883939317575
428,3.9680406008076266e-05
429,0.5093043368131663
430,0.999323506773718
431,2.6042836315395343e-08
432,0.0007927639598767925
433,0.9998090080322556
434,0.0001535784085281504
435,1.9229141288300544e-06
436,0.9999070700679351
437,0.9999992527350154
438,1.027342256617007e-08
439,0.9816553346899194
440,0.9999227081831796
441,0.9990505931070208
442,2.0965583231633004e-06
443,0.00034587599348172483
444,0.9999910408978836
445,0.00011207292222341509
446,0.9999999786613485
447,0.9999999779433864
448,0.9997574139958859
449,6.885126202544799e-05
450,0.0155019656801965
451,0.9897577321139298
452,7.737664227066475e-07
453,0.0005215762895631472
454,0.000229051209508398
455,0.030053680577916533
456,0.0009326682373518908
457,2.8151314155913673e-09
458,5.5264625767955775e-06
459,0.00037192923697081744
460,0.9998025639148745
461,0.005142062537319607
462,0.000570453594323166
463,0.9948078167379307
464,0.9984216797341323
465,1.9940282728701857e-06
466,0.8592734788305468
467,1.8697797063000222e-09
468,0.9343247102588665
469,0.00033634315011667085
470,0.04960256739633024
471,0.9946556417405499
472,0.00010539362191611108
473,9.858965430115522e-06
474,0.9780923037418066
475,0.0001770704871157251
476,2.6771511194003494e-05
477,0.011130070429161696
478,0.0004580179784544745
479,1.3638131248638877e-07
480,0.9999907434968767
481,0.9994436925556495
482,0.0037461204856285603
483,0.9999891067960661
484,0.9986315787915649
485,0.00038591979377276066
486,0.9897370306691072
487,0.06380240021285438
488,0.9997388108862311
489,0.00018152805010460997
490,0.00015494445781795505
491,0.0036117634589588935
492,0.0073174418028108664
493,0.005286124682811689
494,0.9999047008955902
495,0.9999804575397842
496,0.9999708202815017
497,5.840904044940484e-05
498,0.0001330703962772263
499,0.31713385100027564
500,0.005334451121512993
501,0.002599264034413823
502,0.9999659149327357
503,0.0016088165401177644
504,0.990651171232814
505,0.9999999853264181
506,0.0016535616751048297
507,2.2022457615619105e-05
508,0.0850875801008584
509,7.302974400124784e-05
510,0.9633043267876249
511,0.9803477913926756
512,0.0007020231758604366
513,0.9995343592015989
514,0.9999483504344461
515,0.9998554836125519
516,0.9291243136956495
517,0.9999979289568262
518,0.9999937275420884
519,0.999167556286092
520,7.324447425250576e-05
521,0.9998642502459717
522,0.4143830036245403
523,5.101378837677643e-05
524,0.006584647327755854
525,1.0650582303572029e-07
526,0.9456848450980944
527,0.00028093112074798046
528,1.0368088814838494e-10
529,1.545030790895089e-06
530,0.9980107450538819
531,0.9931404385143999
532,0.9999974580136444
533,0.99239987555247
534,0.0006553040288881929
535,7.745668084560265e-05
536,0.9994069027525391
537,0.9995523694781052
538,0.9987262630330966
539,0.9814802357483917
540,0.9990014792463414
541,0.9812885203957213
542,0.9994224170628168
543,0.9993313480116284
544,0.00015489956153377869
545,5.700819353536631e-06
546,0.9505499377710117
547,0.9999991130229438
548,0.9226614068846314
549,0.0001583835067325362
550,0.9999423948473629
551,6.67448002864925e-05
552,0.9983343176736752
553,0.9975379815239759
554,0.9361624453295904
555,0.999983380085155
556,0.9719016096098473
557,0.030171497764291726
558,0.9997039838821067
559,0.43067605123074404
560,0.9999999959512036
561,0.003664075491648085
562,3.735021472336976e-05
563,0.9973880311448989
564,0.9997144726344416
565,0.9959237589085047
566,4.5646717601395925e-05
567,0.9958372442861104
568,0.4432981178199014
569,0.999990572103448
570,4.946377990285521e-07
571,0.9999743395891713
572,0.9999870137234375
573,0.9997999276871832
574,0.9843651044851678
575,0.9623936226285869
576,0.9971052557676094
577,5.404062938673617e-05
578,0.9994797440779739
579,0.9685022793035926
580,2.874493531132259e-05
581,0.0006858641595629419
582,0.999655475431427
583,0.9999881476873256
584,0.9999994210934501
585,0.9999993687628902
586,8.373682975787909e-05
587,9.114694699928004e-05
588,0.999209358239316
589,1.559816041394571e-05
590,0.999999716268355
591,0.9987147900290676
592,0.6024507100594093
593,0.999838139994573
594,0.00045599620091594536
595,0.9994118748949595
596,0.995849225381682
597,0.998935758135022
598,0.00027389738126353165
599,0.0014853458696469845
600,0.006494668728722708
601,0.0009743480510787584
602,0.007839242692419418
603,0.9999971886864167
604,0.9999650722828163
605,0.9432572391249071
606,1.757463685410951e-05
607,1.3182843611265623e-07
608,1.7434044095671992e-07
609,8.725191150581409e-07
610,6.159426471185717e-06
611,4.917161484502893e-09
612,2.3400485750206165e-06
613,3.8108924697372596e-05
614,0.00020850812288551203
615,0.9999581617131057
616,8.377444657680828e-05
617,3.735193904173727e-05
618,0.004004021660617957
619,0.9982966056745162
620,0.00013326466580962308
621,0.7366086950128578
622,0.18776061288729823
623,0.0016498365354431777
624,0.0006976598400730306
625,0.9975946938479229
626,0.99996079306672
627,0.9999999409945931
628,0.9999179125361638
629,0.004953544754019649
630,0.9975950492328237
631,0.03703111857335297
632,0.8181516697589765
633,0.921157951735543
634,0.013036254252023696
635,0.9987205435173349
636,0.9993860067371978
637,0.9996253278334696
638,0.9998404073948848
639,1.671634354696942e-05
640,1.2204676527460054e-05
641,0.9939749959343042
642,0.9999919870016682
643,0.9999928161968488
644,0.029348641549510352
645,0.9957786642418306
646,0.00010582042494735629
647,0.9998898928065185
648,7.941802687059794e-06
649,0.987918728327466
650,1.0120412806855047e-05
651,1.4811290517517702e-06
652,0.9956371567467397
653,0.9999072627384654
654,0.00010016204494910933
655,0.00013583139112031603
656,0.00021060875269472983
657,1.0287423289439422e-07
658,0.9998959282832807
659,0.9966933853427536
660,0.9561830682402981
661,1.0325253424255814e-06
662,0.9998352061784325
663,0.017005494222148355
664,0.0026734309434103846
665,0.9992025256036849
666,0.029992344746500275
667,0.0007212259314964013
668,0.9996404522891433
669,0.9991681264866874
670,6.658095129588075e-05
671,0.0005586739084205737
672,4.832273155651269e-05
673,0.9942281720964006
674,1.1407600445801431e-07
675,3.321503143698387e-08
676,0.9972470640146283
677,7.596889275741653e-09
678,1.2130470935049198e-07
679,0.014018524553981358
680,0.6838490056305897
681,0.9990371040597908
682,8.263834835062756e-05
683,0.9993205720488724
684,1.1376350521232835e-05
685,0.9999754751009268
686,0.9992477465144695
687,0.999896640612733
688,0.9999430756544663
689,5.342387188884758e-05
690,0.9999437618541408
691,0.007547495853609923
692,0.9990770435618818
693,0.03196587892157379
694,1.1003659378503176e-07
695,0.9999999475517051
696,0.9996296645263286
697,0.0007791434312615136
698,0.9996565643882185
699,0.9976111814657331
700,0.9982302455655369
701,0.002456527536261665
702,0.0074047236475657495
703,0.15743885782186437
704,0.9884890065478972
705,0.0009021907516561209
706,0.9996749336160695
707,0.9926417840746272
708,0.9999460775832949
709,0.9933413340334676
710,0.9999999657371598
711,0.0018371353622953915
712,0.0029364643782046522
713,0.9999465568333874
714,0.0007931785037424389
715,0.9911170401438567
716,0.9959264648330617
717,0.9998609131224704
718,0.027566122022106777
719,2.3266839737912256e-05
720,0.9993720162391978
721,0.9999641272361427
722,0.0028452020726048755
723,0.9999487798396186
724,2.2591454492756104e-05
725,0.00017807946693590383
726,0.0002617466389591727
727,0.9974647415894079
728,0.014372652233713822
729,0.9700467607410862
730,6.829268628472151e-08
731,0.999998231658539
732,0.9886490317732765
733,0.00020282830697044516
734,1.6913672060636807e-07
735,0.9998852394297374
736,0.00031070644941341447
737,3.525810483957017e-05
738,3.794711864949772e-05
739,6.0261778818058816e-05
740,8.090072990670739e-08
741,0.9999801426600806
742,0.13830694150584988
743,0.9474640598508797
744,0.9997173284556656
745,3.084964512110804e-05
746,1.6803217938818806e-09
747,0.9998526152943703
748,0.9999943581444315
749,0.10878731255379281
750,0.0020680690645103962
751,1.331061516284311e-07
752,0.9998059144592696
753,0.999995824285119
754,9.395430174899362e-08
755,0.9632934812065457
756,5.4988079403369014e-05
757,0.9984939637587897
758,0.9975577040487082
759,0.028847139641726163
760,0.9999586918764892
761,0.8761677350856675
762,0.0008898454547533464
763,0.005410639012348736
764,0.9995652127249902
765,0.00036668740937935933
766,2.9225758944504057e-05
767,0.00011533477758328451
768,0.9991842368993064
769,0.00021626491106663931
770,0.00014470745761728233
771,6.670357849383638e-06
772,0.000913592898456418
773,0.38798890145249565
774,0.9976424074600916
775,0.9999997887822962
776,0.9997207580058497
777,0.0013165114236665086
778,0.9995604200447292
779,0.9951368486730172
780,0.03462199180041864
781,0.999994920781527
782,0.0009092685373070763
783,0.997178820176295
784,0.9993769021661606
785,0.6996107691636327
786,1.027519476398322e-05
787,0.0009258142538946303
788,0.999623920034051
789,1.582393700200449e-05
790,0.9997552359992324
791,0.9990506223700213
792,0.21428877630636967
793,0.9999911311518238
794,1.6763243951795748e-06
795,0.0014107726025577674
796,0.999956882080501
797,1.8868242642721833e-05
798,3.006266408754128e-06
799,0.9801997399258496
800,0.9988581745887378
801,4.5200589782916656e-08
802,0.0007378777491698388
803,0.7228632392030186
804,0.9996628428015101
805,0.14507430187520046
806,0.0018819854486473542
807,0.006971915248177626
808,0.9995892965618733
809,0.9999888676777235
810,0.9998464018817388
811,0.999943256835187
812,1.8662089729579409e-06
813,0.12111325964485424
814,0.020500211546319286
815,1.4557902682129431e-07
816,0.9695138985965908
817,0.9998409558804183
818,0.000383336503301702
819,0.010236619288629525
820,0.996961468169003
821,0.9998355740249324
822,0.0651932924627593
823,4.7973285800889636e-06
824,3.252694030921566e-05
825,0.0019448589571758415
826,0.999997242796091
827,0.9875383070469336
828,0.9751151951756031
829,5.34401054485411e-10
830,0.008364211727539142
831,0.9381081387264717
832,0.30329834059816707
833,0.9347957048239334
834,0.9999352501954627
835,0.9998404426514236
836,0.9999998198360827
837,0.9978832807997343
838,1.765502042509685e-06
839,0.008186125614839855
840,0.9999709184591545
841,1.819725936955578e-05
842,1.1193889822628262e-07
843,0.9999991469843377
844,0.9965195627896671
845,8.965089182266396e-06
846,7.168789076761974e-06
847,0.9843703048063581
848,0.014443562269114947
849,6.385908692070445e-09
850,0.029168791417623765
851,0.1703414203872073
852,0.9996124683772185
853,0.9502966509574563
854,3.5085468541415844e-05
855,2.5265468337156508e-05
856,0.21721341586013776
857,2.324316823648516e-05
858,0.018237328283975403
859,0.9968719243904344
860,0.9987302434157259
861,0.951427986323739
862,2.553442048987853e-08
863,0.00026950940594978943
864,0.0019754934540614265
865,0.00040343040996598475
866,0.0022537011377063163
867,0.99962154415705
868,0.06916936289336752
869,0.999206833741902
870,0.03555052799411077
871,0.9974901714169823
872,0.9999842886125533
873,0.9999269316738911
874,9.337803099752131e-06
875,7.838338365271976e-09
876,0.9999997299743532
877,0.9987499924228173
878,0.0003489938693309884
879,0.9997983405171508
880,0.008560204421908172
881,1.4808151699398688e-05
882,0.9999996443492268
883,0.999998499163271
884,0.9959766282584994
885,0.8174837622793475
886,0.9999964303164715
887,0.00017481655589038743
888,0.9808059584489186
889,0.9998033138084317
890,0.9963611149088674
891,0.9999728201544983
892,9.615933530243051e-07
893,0.9999823860220757
894,0.8761123256210861
895,0.9997791625649577
896,0.03162698017598874
897,6.360892236680097e-07
898,0.0034542910095597796
899,0.0006448881971080546
900,0.9999676419865577
901,1.3835712308303332e-05
902,0.9791904796740886
903,1.2704144339957996e-05
904,0.010778121148594817
905,0.9365140833896052
906,0.9431961599506798
907,0.09335334142863001
908,0.9997698249536775
909,4.2455659457691975e-06
910,0.007185514408710685
911,0.9999850542393753
912,0.9997358404163124
913,0.00043742391862316846
914,0.008483851627529097
915,0.00012877775893055133
916,0.9999111218253639
917,0.9938080828317701
918,1.2822108298513327e-05
919,0.9305044537224724
920,2.3260424268105143e-05
921,9.3824016677278e-05
922,0.9992288454133302
923,3.589489802374246e-08
924,0.9999711482522285
925,0.9999952712221807
926,0.9999873083997506
927,0.06905469958226734
928,0.9455802955676125
929,0.0001948329873768819
930,0.9999959540561966
931,0.0008887586933555202
932,6.931085802819757e-09
933,0.9984949374470904
934,1.9071359346644946e-09
935,0.0019631812803126035
936,0.9995554070487377
937,0.999999986674319
938,0.0021943110359387364
939,0.9998018862058696
940,0.9998929685066608
941,0.9749365474181173
942,0.0046276601884757355
943,0.9993690585746002
944,0.9999597619938988
945,0.9998482209945044
946,0.9987286223693568
947,0.10607528329764976
948,0.9554843414438574
949,0.999257774497449
950,0.012142427180638647
951,0.9993759585604012
952,0.997039902165685
953,0.9959222198015191
954,0.9992756666908613
955,0.0026381911753778223
956,7.939068234616529e-05
957,0.9729928965602477
958,0.9973123375145456
959,0.9997633644935445
960,2.3897299831034924e-05
961,0.999975075024589
962,0.9999965396445142
963,0.9991407947410472
964,0.9790175086904286
965,0.005399119234191214
966,0.02650744387207888
967,0.0015476520389464269
968,0.007697171460350082
969,0.6288510118680203
970,0.5585341761919217
971,0.9999976451915376
972,1.131150094409964e-06
973,0.9650403479018308
974,7.9686443189454e-11
975,0.04982152650675499
976,2.337339434504691e-05
977,0.0009340556962369679
978,0.005976385193166539
979,0.999417721183116
980,0.9997127784889349
981,0.9638887073177782
982,0.9999673250777278
983,0.09903740272062796
984,0.0002493933815820335
985,0.999660626795478
986,0.9566965120862491
987,0.09499377207267488
988,0.9844882648401618
989,0.9999999604170431
990,0.00015847310037936586
991,0.999955792166706
992,0.9953873579382871
993,0.10763235680409225
994,0.9999996629975795
995,0.0007224994309206183
996,0.9951092727763154
997,4.3113160275754994e-05
998,0.9986052363765019
999,4.219395741656833e-08
1000,0.0072378000684344915
1001,8.562058512076207e-06
1002,7.531037401072516e-05
1003,0.3188740449349388
1004,0.6292117261908597
1005,0.3481106833805465
1006,1.081605113643235e-06
1007,0.001182744974129299
1008,0.9985798942548725
1009,0.028833294874611327
1010,0.0006064760454514577
1011,0.9996520637106036
1012,2.520110932197429e-05
1013,2.446035318448623e-08
1014,0.006822941423508629
1015,0.0005876313412206123
1016,0.9999960179588775
1017,0.9994671721786123
1018,9.259373055409486e-06
1019,0.9979204515946956
1020,0.9996232536193919
1021,0.9999999968948812
1022,0.002351162721247794
1023,0.999996113660194
1024,1.2814757522098673e-11
1025,0.000442796809029494
1026,1.636247462658477e-05
1027,0.002530580073109086
1028,0.999984043743639
1029,2.0525219867337414e-05
1030,0.02691386304422239
1031,0.00036889199951249544
1032,0.992474836356394
1033,0.9978777869283129
1034,0.9991279430954261
1035,0.9957127674788474
1036,0.01961167998585162
1037,0.9994122384226215
1038,0.9984754156069263
1039,0.9965648189339571
1040,0.04712101062424949
1041,0.9991518502420504
1042,0.9767745277553465
1043,0.9248418184786014
1044,0.9999154748940849
1045,0.9848874131366631
1046,0.9996658929738109
1047,0.00017907821693207275
1048,0.0015908210522008635
1049,0.9990348026579698
1050,0.9839370628645884
1051,1.062543611990229e-06
1052,0.9411737717764267
1053,0.9990701602123043
1054,3.4425027330821054e-05
1055,0.0029195166147034097
1056,0.9997018788488174
1057,0.9296977142603009
1058,0.963808174526166
1059,0.9739212720562017
1060,0.9983946537365368
1061,4.0336351860390096e-05
1062,0.9800938494924755
1063,0.0024733163197342375
1064,0.00046938992391103493
1065,0.9964079583371355
1066,0.04314083733844623
1067,0.13738048031531216
1068,0.00010653739132999627
1069,0.9956133532722964
1070,0.971111537912553
1071,0.9957695786787735
1072,0.0001391358674831464
1073,0.9630356595505035
1074,0.010404741970038097
1075,0.993932496436262
1076,0.02424379175512537
1077,0.984099807162695
1078,1.72174687501735e-05
1079,0.9999999881352474
1080,2.9571826336530516e-06
1081,0.9999802353414146
1082,0.9999069165343288
1083,0.9997509153895027
1084,0.9499326911347248
1085,0.9915752078453819
1086,6.34057511456297e-07
1087,0.0005753196332242733
1088,0.9999999825185021
1089,8.656781901898986e-06
1090,0.9270322664035063
1091,0.9965132579614739
1092,0.00012864897347822143
1093,2.6007629000049732e-05
1094,1.1109006975538433e-05
1095,0.020295630869521113
1096,0.9999280680046482
1097,0.005509757845478869
1098,0.9999311794435314
1099,0.7814734198072946
1100,0.9882449664117765
1101,0.9992012252969833
1102,6.191898230614372e-05
1103,2.286226520302048e-05
1104,0.00019440493380473356
1105,0.9971664332284917
1106,0.9999999786363734
1107,0.14401343910797
1108,0.003977311034227354
1109,0.9999226241240323
1110,0.00016679528535892168
1111,1.5757329878915466e-05
1112,0.9999629002832726
1113,0.9870108423030439
1114,0.011783360415716423
1115,0.0013350886666912913
1116,5.0678247607734675e-05
1117,0.00012776053456349529
1118,0.9928110693229536
1119,0.9997058372487797
1120,0.9311749123538587
1121,0.0002939969184807388
1122,0.9998630252752326
1123,3.725613569558049e-05
1124,0.003308873606635326
1125,0.031136490512265268
1126,0.999947817736026
1127,0.9975643635611691
1128,0.0004369374063086387
1129,0.9965374598004866
1130,0.9998609905976586
1131,8.162072318515317e-08
1132,0.00010419297667909476
1133,0.007043054818518495
1134,0.8387568424285032
1135,0.00011417753662351758
1136,0.999963597856958
1137,0.983739156766098
1138,0.9994458049453762
1139,0.9751520547838515
1140,0.00011953333687314554
1141,0.0010071418515561659
1142,0.9998651655063995
1143,0.9988020422690779
1144,0.010628451201789612
1145,0.9997339031670932
1146,0.9992377940745384
1147,0.0011623608363009114
1148,8.971951780478507e-07
1149,0.9999798482728917
1150,0.9892356669634587
1151,0.9976053760005646
1152,0.9997205679890441
1153,0.9991655599842902
1154,0.999991051359731
1155,0.35745517193245147
1156,0.9999999845281053
1157,0.9997618993903208
1158,7.693645462379e-05
1159,0.999963040613319
1160,0.9999967967186886
1161,0.24599474574268232
1162,0.995107161977685
1163,0.9999999903710072
1164,8.451020873128872e-08
1165,0.9339588334431451
1166,3.060049430919241e-05
1167,0.999776201283529
1168,0.9996596481500591
1169,0.01613552770499814
1170,0.0005985699814357027
1171,0.004236648301510176
1172,0.9999999057964044
1173,0.0007580321577992715
1174,0.1223627382107771
1175,0.9999989708733412
1176,0.3866378095543616
1177,0.9998827450593936
1178,0.9993768943786968
1179,0.9999712109422139
1180,0.991162629896694
1181,0.9997832145074409
1182,3.4752464083756794e-06
1183,0.9996897033836805
1184,0.9999998438165274
1185,1.1621086294545902e-05
1186,0.9998137082871021
1187,0.9979088342985852
1188,0.9197458393217285
1189,0.003940005482899717
1190,1.9730875659378645e-07
1191,0.0015570240637572035
1192,0.9990085097794765
1193,0.0016888602369351414
1194,5.593375753837287e-06
1195,0.0007574652074479613
1196,0.9996837054656483
1197,0.9999911665021399
1198,1.2511890048930512e-05
1199,0.3847937260823186
1200,0.9998948902280893
1201,0.9985095607967011
1202,2.128091003718837e-06
1203,0.022312068029088833
1204,0.20076171771975004
1205,0.9998309333894775
1206,0.0031737351983014703
1207,0.0013307728837190947
1208,0.9999593882490847
1209,0.9999954564039122
1210,0.06612057033661449
1211,0.003973218770633923
1212,2.9959980580934806e-05
1213,0.9991367359825402
1214,0.9998834128637509
1215,0.9982054736325834
1216,0.8679873065933025
1217,0.003581717691207682
1218,6.621674027476316e-07
1219,0.999999706449682
1220,0.0033732770694047867
1221,7.165270972749516e-05
1222,0.9999290266530343
1223,0.9999274981015511
1224,0.0006388892673577231
1225,4.420485284637842e-05
1226,0.9997580966902164
1227,3.831320453950827e-05
1228,0.00013702558722367562
1229,0.9999995635256962
1230,0.9998542850319179
1231,5.137848106440369e-07
1232,0.9900584568327087
1233,2.3787186484100017e-06
1234,0.9972138058942501
1235,6.390312161453523e-06
1236,0.9993054999483836
1237,0.9978925094148536
1238,0.9997940924442985
1239,0.9978870569594038
1240,0.0024451241788632067
1241,0.9999587149046211
1242,0.9999999845088476
1243,1.9639099831525174e-05
1244,0.000908771473422098
1245,0.9873174183685068
1246,0.9999999787556868
1247,0.9901013266795253
1248,0.9967661654989071
1249,0.9999584055013359
1250,0.9752994880783185
1251,0.24616594051290222
1252,0.02261519589528053
1253,5.662367654496101e-06
1254,0.9993374832028193
1255,0.7562848978848956
1256,0.9509723210062385
1257,0.998775356571301
1258,0.9984363435307296
1259,0.9999982806111165
1260,0.9767823162919573
1261,0.9999999947704161
1262,0.9967541587753058
1263,0.001443442194363929
1264,5.843027586547233e-05
1265,0.9994111638139463
1266,0.010049184108305834
1267,0.9989499753242053
1268,2.87635258982661e-06
1269,3.5541992492283096e-06
1270,0.12076205008002903
1271,0.995460685600687
1272,5.745571496939719e-06
1273,4.141015899598303e-05
1274,1.2601979256938807e-06
1275,0.9992604297798212
1276,0.9999560098730291
1277,0.9999790517864938
1278,0.9999985907977463
1279,0.0010086558307024747
1280,9.652699896774586e-07
1281,0.09611023528004504
1282,0.9999963459174462
1283,8.055331579118597e-05
1284,0.2194971510727647
1285,0.9999567315646262
1286,0.9999715822827284
1287,0.0077877572399056814
1288,2.0964555188427296e-09
1289,0.0009309650019112164
1290,0.9999998882508951
1291,0.9836000669742772
1292,0.0002222270026205555
1293,0.9999954740623157
1294,0.9999997558825352
1295,0.9999978486518215
1296,0.9999998389212672
1297,5.0119746308386203e-05
1298,0.9997676952925753
1299,0.9994155699665945
1300,0.9935714981123966
1301,0.021509971449683203
1302,0.9545716058072615
1303,0.9999997261683261
1304,0.0013378674287247046
1305,0.0038426134802205035
1306,0.07042732321199456
1307,0.0008808306425133008
1308,0.0003162391477571358
1309,0.9999453828157926
1310,0.9940091740752492
1311,0.9998858339187324
1312,0.0015707267956274395
1313,0.9402306746074848
1314,0.9999921408871117
1315,1.912123576290363e-06
1316,0.0008097694790163917
1317,0.9999048595601417
1318,0.050208542458376366
1319,0.9999997633998612
1320,0.00035684855166707275
1321,0.061506688424187404
1322,0.00827774756846603
1323,0.9944956316332398
1324,0.000612948998208288
1325,0.9999874380461489
1326,0.002199091682220296
1327,1.0767309033087709e-11
1328,0.0033146742856097885
1329,0.9999993501426061
1330,0.9866364255333309
1331,0.0007168710048023756
1332,2.105361259694349e-06
1333,0.000749792398824879
1334,0.00027074126720954883
1335,0.00022193110089493924
1336,0.10113373653008886
1337,0.0002601187869796954
1338,0.9999023034652348
1339,0.9999872642601042
1340,1.8095133304294783e-05
1341,6.622294189553169e-07
1342,0.9994577088484148
1343,0.9999999700885156
1344,0.002407152060775854
1345,4.581828822925274e-06
1346,0.9999946446112342
1347,0.9893699398143414
1348,1.4155204055063844e-09
1349,0.99829725309569
1350,0.999356017977896
1351,0.9999814592175926
1352,0.0017858947467462004
1353,6.097769365697646e-06
1354,3.559748303224012e-08
1355,0.00016938502389255344
1356,0.9999474243430854
1357,5.0952051642963927e-11
1358,7.761086173581403e-08
1359,0.9979552382064012
1360,0.9999088440756436
1361,0.9889878972447849
1362,0.9999716041613034
1363,7.612102273185805e-05
1364,3.8021085852801465e-05
1365,0.776275556320917
1366,0.9999997729290921
1367,0.9997590342574834
1368,2.459940446071037e-06
1369,3.112685223483984e-07
1370,0.00023828618931808656
1371,0.0006472659944771142
1372,0.9999550774190692
1373,0.0024207788513706174
1374,4.8428539904571874e-05
1375,0.008617960562892312
1376,0.998393295963456
1377,0.9999999998561038
1378,0.014476069199748408
1379,1.3380913097166583e-06
1380,0.002330205245361292
1381,0.9999837185068392
1382,0.9998235945068493
1383,0.999739717597421
1384,0.00011303494880395825
1385,0.9998533939284941
1386,3.815002412586067e-09
1387,0.003338810523118454
1388,1.1013669546861238e-05
1389,0.0005831332620732488
1390,0.000716758096942957
1391,0.9993894864755787
1392,0.9996891295348986
1393,3.610611328991628e-05
1394,0.9975598170138487
1395,0.008281647690440054
1396,0.9966937092651816
1397,0.999917330815048
1398,0.9979499858568844
1399,0.9742193647536579
1400,1.4949321681202448e-05
1401,0.9994958721233217
1402,0.9999925021476362
1403,0.9996821491226944
1404,5.489843292561413e-06
1405,0.9911225579389761
1406,0.9967813547417672
1407,0.9998119176313098
1408,0.5338586026415112
1409,1.0075397557908124e-05
1410,0.0002713566100292491
1411,0.9960996650138313
1412,0.7736967872147363
1413,0.998775909248125
1414,0.00385540231384217
1415,0.06550049105307307
1416,0.9999497630758427
1417,0.9927333960676532
1418,0.6223873153387808
1419,0.999811295197523
1420,0.0016055336037433196
1421,0.10088762129337132
1422,1.8247332255374103e-05
1423,0.0481660185652931
1424,0.9999930899259354
1425,1.1808244200199254e-06
1426,0.9997393478698092
1427,0.975671145639176
1428,1.758385064779773e-07
1429,0.9999948076004082
1430,6.627446087626025e-05
1431,0.999208658752348
1432,0.008496596330480869
1433,0.988638212736986
1434,2.2737758287649326e-05
1435,0.006192697613422174
1436,0.9920196637982428
1437,1.248126211579857e-05
1438,0.9989399151270275
1439,0.9999757241588216
1440,1.6454615485808426e-05
1441,0.9998889390584955
1442,0.00028783851542932526
1443,0.0017635653049376885
1444,1.204492066456652e-07
1445,0.0001971784410938244
1446,0.9883420252920662
1447,0.00047658652717828115
1448,7.058882953793451e-06
1449,2.4879152614166565e-06
1450,0.995046106555459
1451,5.064318252543167e-08
1452,2.24493172708815e-05
1453,0.9901981592016855
1454,0.9998121943251252
1455,4.8105747616476e-09
1456,0.011552895793467287
1457,8.192178825730065e-05
1458,4.701358902912238e-09
1459,4.1228294348063386e-08
1460,0.011937728249390623
1461,1.2545981007593733e-09
1462,3.7367372173050203e-06
1463,0.9878041379510645
1464,0.9999782563903946
1465,0.9997921408378223
1466,0.00016687653712955567
1467,0.021595723941281317
1468,0.004284315737838563
1469,0.9981554138105185
1470,0.999959395391991
1471,0.9997777633702108
1472,0.9999997644922329
1473,3.9394910956431574e-05
1474,0.9999998685399809
1475,0.9988412958671747
1476,3.683674786312548e-05
1477,0.007106629732921728
1478,1.5642985416937384e-05
1479,0.9999097834520946
1480,0.9978623666679555
1481,0.9991009611384938
1482,0.01676470808231626
1483,0.9999966723493668
1484,0.015013464035932298
1485,0.00025552196934823225
1486,0.9999649188204008
1487,0.8411993858374713
1488,0.9998678125726496
1489,0.0900732644767274
1490,1.0848613209331943e-05
1491,0.0007774250969842547
1492,0.9999983729372331
1493,0.9999612879106661
1494,0.0006513357078588309
1495,0.9999720699104521
1496,0.00010698232770835957
1497,0.9992453200199557
1498,0.9997737210710319
1499,0.0021807016013409325
1500,0.9999998165854266
1501,0.1729782376042413
1502,0.9974831247537402
1503,0.01024748783712228
1504,0.9989907595394308
1505,0.0008356869814610786
1506,3.149233728573525e-06
1507,0.9772666997170626
1508,0.25658161942173313
1509,6.102329247098784e-08
1510,0.9986308966704858
1511,0.00011958049560411008
1512,0.9995756409795793
1513,1.206741277550929e-07
1514,1.2101107698931652e-07
1515,0.8285498839432011
1516,0.34616881389861587
1517,1.884379918808391e-09
1518,0.768733054008909
1519,0.9999996487410189
1520,0.9999962928776631
1521,0.9970566423331102
1522,0.013922937588374998
1523,9.728837945943479e-05
1524,0.9766345857413703
1525,0.9997083475091442
1526,0.9640973494844743
1527,0.1337354273731529
1528,0.9997988068861279
1529,0.0004581087094855539
1530,0.9690496131751112
1531,0.003679154039290342
1532,0.006057630544760063
1533,0.00042190825540696335
1534,0.9987930526051749
1535,0.9943809654997107
1536,0.999990499159818
1537,0.9999567298175968
1538,0.0029702595563871792
1539,0.00010164424303494382
1540,0.9993712276276705
1541,0.007665791902320649
1542,0.05501954844350093
1543,0.03230851699687177
1544,0.9999900634369415
1545,0.9999985430924908
1546,0.9701410630545948
1547,0.0002527699463056036
1548,0.9999606451702209
1549,0.9994593509933362
1550,0.9999929980161124
1551,0.9999602486864336
1552,0.9899313444879264
1553,0.9811244685451257
1554,6.0697100193821725e-06
1555,0.009485165658295328
1556,0.00037064392395655155
1557,0.01792006183263076
1558,0.9999730192748285
1559,2.1543270602575802e-05
1560,3.226759617956472e-08
1561,0.9985421295910752
1562,0.9974410806094288
1563,0.9948167611311252
1564,0.8669129873542925
1565,0.9829745552555388
1566,0.9965227901725976
1567,0.9996851461406536
1568,6.958507753653032e-06
1569,0.015515176338755762
1570,0.995051694908172
1571,0.9999226802968832
1572,0.001764449380310033
1573,0.2789930682772565
1574,9.101418620990651e-08
1575,0.9999994292440286
1576,1.4980604408460974e-07
1577,0.9932026476223683
1578,0.9998127982415709
1579,0.0015317459597756484
1580,0.22440918070739355
1581,0.9999889301870085
1582,0.01109848076219331
1583,0.9980419173960986
1584,0.944941705926013
1585,0.6516725529382893
1586,1.1493607078672581e-05
1587,0.005517634896622288
1588,0.9999849939796718
1589,0.7527445160969983
1590,0.9729490256484387
1591,0.8895128203651282
1592,0.000598455998466229
1593,0.9949633154337294
1594,2.004181212577768e-05
1595,0.0038084743581612074
1596,0.005438027881054973
1597,0.05866085888470827
1598,0.0005163128672352077
1599,0.00040777010057892486
1600,0.9893849239498627
1601,0.025482374036441463
1602,0.9994347891435856
1603,0.0009090662004441066
1604,0.2168011852608571
1605,0.9999871832424793
1606,0.0007551639394480066
1607,1.481933960472134e-07
1608,6.574618889717234e-06
1609,0.9998650196440225
1610,0.9848605631196602
1611,0.9999495148983685
1612,2.700685307087358e-07
1613,0.9992751187869799
1614,0.9993407726644367
1615,0.0015532150583498787
1616,0.26486155792901545
1617,0.0007065886664797716
1618,0.0011252622190730068
1619,0.8225046503405943
1620,0.04402687086414169
1621,5.3950646471290024e-05
1622,0.8527026629544843
1623,0.9999999948967095
1624,0.9999999441248082
1625,1.319143886447753e-07
1626,0.99841157406942
1627,0.03849627922165988
1628,9.631573023643537e-05
1629,0.9999563206564245
1630,0.9999995904801532
1631,0.9998585359933337
1632,0.0010788277430296483
1633,1.564644935457715e-05
1634,0.006696112841345095
1635,0.0034592262770776912
1636,0.9253415035732815
1637,0.9477120106050448
1638,0.9991836363519299
1639,0.9977288180538915
1640,0.9999532878459841
1641,0.0007918752708312962
1642,0.7520226534078792
1643,0.9993270253424896
1644,0.9999729610893002
1645,1.0117808367898327e-06
1646,0.9601447684938853
1647,0.9999058874149713
1648,0.9999458161899367
1649,0.9999838279198389
1650,0.0009615612065355787
1651,0.988773564649891
1652,0.0017135031066254542
1653,0.0014500437036445422
1654,0.03697715850503311
1655,0.09002817003215051
1656,4.797310664287528e-07
1657,0.9999927313829974
1658,0.9998639110606723
1659,0.0031405893189800456
1660,0.8637054871508463
1661,0.992177184538133
1662,0.997207681142153
1663,3.189320608333776e-06
1664,0.0012728023633958763
1665,0.00251959182302169
1666,0.9667724937437886
1667,0.9974024796283275
1668,0.0016542974045372029
1669,0.0026295117122860827
1670,5.986103497255145e-06
1671,0.9999997294271018
1672,6.374825323765362e-06
1673,0.9998244407694664
1674,0.9999953280489806
1675,0.03763031365397541
1676,1.5595642734618274e-05
1677,0.997596982441224
1678,0.9712514151596076
1679,0.027358018814066916
1680,0.003412395479847565
1681,2.0601108585453948e-10
1682,0.9977055589896274
1683,3.95241067110238e-06
1684,0.9993643221026467
1685,0.0004377006689949555
1686,0.9998800407452587
1687,0.9898619578623807
1688,0.9964799145988267
1689,0.9997132233702701
1690,0.9993038439808736
1691,0.005948327230326135
1692,9.634632293193017e-07
1693,0.9999980771977047
1694,0.000521391529511053
1695,0.9890217495699186
1696,0.9967369073664822
1697,0.8022993809010903
1698,0.00025859581524124254
1699,5.600006636910269e-05
1700,0.9989673717261202
1701,0.9828144707713462
1702,5.485478469503812e-08
1703,0.9959939888550614
1704,0.9975771699307536
1705,5.539163095158241e-06
1706,0.995929543509632
1707,0.003066131460489212
1708,0.9109424119345398
1709,0.9998993507280026
1710,0.9257176208845733
1711,0.9999999596123433
1712,0.001884211152461169
1713,0.00030857797186743276
1714,0.7980859496527155
1715,0.999410604560568
1716,3.3069394244015294e-05
1717,5.1363621557081184e-05
1718,2.9754649585926913e-06
1719,1.0496617889330378e-05
1720,0.9997126306232765
1721,0.0007466666836016769
1722,0.9975882645503135
1723,0.9999809424431007
1724,0.9999605473595785
1725,8.13111573055482e-06
1726,0.9991573784281157
1727,0.9999981600446645
1728,9.98600711036971e-05
1729,0.0012996345769613737
1730,0.9774313530319823
1731,0.9992607492795219
1732,0.9999954753697559
1733,1.8961676102346474e-06
1734,0.0001658200195647937
1735,0.999568412253515
1736,0.20403031742141828
1737,0.09216238165422787
1738,0.0077972271609483305
1739,0.9984949840616162
1740,0.9999998252563101
1741,0.7708922569186452
1742,0.9999999838873672
1743,0.00032752611542458864
1744,1.7232735452505252e-05
1745,0.9894351915348875
1746,0.9999451221804933
1747,0.5265093684363998
1748,1.3931055672355793e-05
1749,0.9563475506696616
1750,0.9970128475164429
1751,0.0025813453523223498
1752,0.991318363751319
1753,0.00027254206661789503
1754,0.0007319593063563118
1755,0.9995557529787473
1756,0.9999742299867703
1757,0.0016727409077509194
1758,0.9835745349731774
1759,0.0005348182166919412
1760,0.9926336485338186
1761,0.0012869967357953202
1762,5.748400525198776e-05
1763,0.9986789790376935
1764,0.9985287075795709
1765,0.999985920132155
1766,0.9999981981268948
1767,1.208357620324234e-05
1768,0.00039175682537212654
1769,0.9993266896956134
1770,0.0017430974423574064
1771,0.8460115876617287
1772,0.9999155235817917
1773,0.002011707106485959
1774,1.6369668617085456e-05
1775,0.6665654468767099
1776,0.8973969669085993
1777,1.5253538479131232e-05
1778,0.0004605691092601775
1779,9.571903567607942e-06
1780,9.416646274626355e-07
1781,0.024345243525056914
1782,2.7953844239104157e-05
1783,0.4347376313721378
1784,0.0005611480687786797
1785,5.011831446637837e-05
1786,8.313872838165653e-06
1787,0.9955773183538922
1788,6.166579012291662e-05
1789,0.9999997457132599
1790,0.7511800503023562
1791,0.00029803183619965155
1792,0.9804258442170602
1793,0.9984370168454924
1794,0.9999344356203775
1795,0.9998762556663929
1796,0.00017929291020371793
1797,3.187789200255334e-08
1798,0.001898043549877974
1799,0.981407487236424
1800,0.00017185403388359066
1801,0.9998432583181202
1802,0.9999975584167947
1803,8.942518647253835e-06
1804,0.00040796219266983754
1805,0.061365665831176426
1806,0.004248050188201881
1807,0.9998874912968861
1808,2.8900824605406175e-06
1809,9.428333180961206e-06
1810,0.0013568498695502472
1811,7.397298539670555e-06
1812,0.9999511590151463
1813,0.0009525687205493487
1814,2.446048704591603e-05
1815,0.0030791435947463567
1816,0.007686227700152528
1817,0.9736931570658012
1818,0.9999756435850191
1819,0.9999554469606183
1820,1.3625455077659777e-07
1821,0.9999987520266718
1822,0.9949589059486064
1823,0.14243222621326337
1824,0.006165471293887259
1825,0.00012487787739014498
1826,0.013116731811248264
1827,4.327151775479528e-06
1828,0.0043685070760214875
1829,0.998008957590615
1830,0.9681570880429464
1831,0.9967223330039213
1832,0.9999995655601996
1833,0.9788147853586667
1834,0.9779955399684245
1835,0.9582603621359884
1836,1.1741619184177039e-07
1837,0.0031502189419270496
1838,1.021397575830687e-08
1839,2.5296836940843003e-10
1840,3.491450785224524e-07
1841,6.428668678953658e-06
1842,0.999993346709271
1843,0.9439567991124725
1844,0.9919761097536247
1845,0.007052536383928648
1846,6.523953512072499e-07
1847,0.9997408938149542
1848,6.6576632646535795e-06
1849,0.879671955813674
1850,0.9986640419252886
1851,0.9998992592379811
1852,1.940794683245822e-05
1853,0.8243257703862225
1854,3.729387249895046e-08
1855,0.9967603275214806
1856,0.0956663790602757
1857,5.423471291698666e-05
1858,0.9998205196916388
1859,0.0011871449811047888
1860,0.014428689688573883
1861,0.9973845313611094
1862,0.01498614993550342
1863,0.3533504170831857
1864,1.1049514685989477e-06
1865,0.35240753990273466
1866,0.9991039308538096
1867,0.919392799190981
1868,0.0005258163726806403
1869,0.999947120151352
1870,0.006277285042391915
1871,0.9999858791641131
1872,0.0028772191000733796
1873,0.00019375956564324343
1874,0.0022631267129304437
1875,0.9869815759491205
1876,0.00037069945893213865
1877,0.0055316331446671994
1878,2.468094243418997e-07
1879,0.004399387723984759
1880,0.07161107281970706
1881,0.9994666858283862
1882,0.001110079657098667
1883,0.0004846661689628557
1884,0.00017552272125945752
1885,0.033246819618730473
1886,0.999696632607411
1887,0.00035282716999936653
1888,0.0012482273222882753
1889,0.5564003648321435
1890,0.9996936058660365
1891,6.841016882675701e-06
1892,0.9998824813709442
1893,0.011949251977701846
1894,0.9999963526740004
1895,4.6441447033453784e-08
1896,4.727218886289657e-05
1897,0.999897088534775
1898,0.9999999376906102
1899,0.9985780915769537
1900,0.9615369804137369
1901,0.9872815470058688
1902,0.9999950254949405
1903,0.9999994491214618
1904,0.5107765897601678
1905,0.9940866508349934
1906,9.592380054950384e-05
1907,0.25072655918229036
1908,0.9924982301767376
1909,0.9988712291985997
1910,6.425554182046492e-05
1911,0.012103413053539496
1912,0.13322611884222388
1913,0.9993009186143568
1914,0.9999429349007307
1915,0.0023389103532910323
1916,0.9997476801443871
1917,0.0005879220617742929
1918,0.0029217751442908537
1919,0.024893875193593703
1920,0.9999955105512572
1921,0.9999993608856882
1922,0.9879417759449356
1923,1.0303689518732555e-07
1924,0.01055962313837155
1925,0.0013839144956618908
1926,0.9999043801108525
1927,0.9999963733424518
1928,0.003700636076088162
1929,0.0034429125025172294
1930,0.0006427470964549288
1931,1.79281458511905e-07
1932,2.881052378577498e-05
1933,0.9995289322273551
1934,0.01161216745297358
1935,0.017075030708024526
1936,0.9601481367755523
1937,2.6464195667491564e-06
1938,0.0011572183813245787
1939,0.012066751595341482
1940,0.9999417419154272
1941,0.9998690941990339
1942,0.9999247011442429
1943,0.9952679190284295
1944,0.996107337214257
1945,0.9999993423743804
1946,0.9980602269867678
1947,6.314803539546711e-08
1948,0.9927780506532746
1949,0.999948672127447
1950,0.9811086587550621
1951,0.9999832650253967
1952,0.9999753376518014
1953,0.9992371335042032
1954,7.513993609221308e-06
1955,0.9999858769837981
1956,0.0005777406619683483
1957,0.5313578620222572
1958,0.05431488362371101
1959,0.00012461132485439946
1960,0.0005576402235529027
1961,4.413996128812692e-06
1962,0.0016863703979289645
1963,0.9991934335012568
1964,0.9999897144187628
1965,0.057380925777449146
1966,0.0021170586651807063
1967,0.001239945809934664
1968,0.9998562440889198
1969,1.3180371208884157e-06
1970,4.412514748050789e-05
1971,0.882443476891089
1972,2.006755507410285e-05
1973,3.053981168575961e-06
1974,0.004437298064208683
1975,0.09160433713027463
1976,0.0005448541646955662
1977,0.6485514691448651
1978,0.03479179933643311
1979,0.6103693754090737
1980,0.8447969234553401
1981,0.0006856886811450882
1982,4.591531213241542e-06
1983,4.918967971597553e-07
1984,3.8990428203354344e-08
1985,3.2696082919946897e-09
1986,0.0003893243702088232
1987,2.55897542258344e-07
1988,2.2656678278302415e-05
1989,2.2263026922616504e-06
1990,0.005010637547074391
1991,0.9998672643673142
1992,0.9998935743471432
1993,0.9999919672696069
1994,0.0008743973117878685
1995,0.9258353276564022
1996,1.113609511560235e-08
1997,0.00816907091682151
1998,0.015239808589763143
1999,0.99941578565239
2000,0.9999999851780024
2001,0.0002939691182770814
2002,0.9860634038170238
2003,3.400118985321673e-06
2004,0.9999999640240276
2005,0.9999830353969443
2006,0.5491233405475423
2007,0.030055954041326854
2008,2.4307484938595007e-07
2009,0.004588252575811338
2010,0.00015499698752813396
2011,0.9999596452133676
2012,0.22735864247472654
2013,0.9969998863442515
2014,0.9980609772085286
2015,0.9693152297278986
2016,0.0008743804381170978
2017,2.952133836958255e-06
2018,0.9985423056845287
2019,0.9965576230016774
2020,0.002107727341391051
2021,0.7753644099239415
2022,4.4342879016519766e-05
2023,0.9989898241491297
2024,0.0753031457438203
2025,0.999653118729906
2026,0.9995403349627008
2027,0.9309868797936554
2028,2.161948170306714e-06
2029,0.9992648077044282
2030,0.9911442176177765
2031,0.07694667316447802
2032,0.9997822521626463
2033,0.998834405704288
2034,5.444160206084939e-06
2035,8.415147682565678e-06
2036,0.8960361569464681
2037,0.9995547546896173
2038,0.9996912507991061
2039,0.002761910602982213
2040,0.000769526670647289
2041,0.9995136718182603
2042,0.9999670645408102
2043,4.8591734322144785e-08
2044,0.9998373777406724
2045,1.0937755052929554e-06
2046,5.089992590058097e-06
2047,0.0007536222167555046
2048,0.8009834772771025
2049,0.9999622088098159
2050,0.00036705349860320673
2051,0.00037441114608355764
2052,0.003803368487863795
2053,1.4147733584444103e-05
2054,0.000125068446178724
2055,0.00036740365116753556
2056,8.804494022291768e-08
2057,0.9795849973921696
2058,6.479616997754986e-07
2059,0.999986676692157
2060,0.0032913906343829567
2061,0.9965831027639496
2062,0.9999999318171864
2063,0.0001548796801855792
2064,0.010082035208340901
2065,0.7400960454395129
2066,0.0011073021229673742
2067,0.999865750938964
2068,0.999965183196281
2069,0.0004487267476915177
2070,0.9925260732616777
2071,0.08512240589196818
2072,0.42910383541016267
2073,0.0030888186258469412
2074,0.8036573526993331
2075,0.9996884282643992
2076,0.00011825395108295707
2077,0.920195645044809
2078,0.9996674720616336
2079,0.007903894551809587
2080,0.000370011711207669
2081,0.0010489114371445237
2082,8.745066204390699e-05
2083,0.993229764943123
2084,0.9999867302158415
2085,2.4702519737935017e-05
2086,0.0003213307785193432
2087,0.9708857146790273
2088,0.999960998380343
2089,4.5328974296311936e-07
2090,0.9978754908542151
2091,0.9989878470761169
2092,0.995934398972409
2093,0.010774689112470912
2094,0.041680184296229335
2095,0.9995676800189578
2096,0.319370992665723
2097,6.170792700150866e-05
2098,0.9995501756480379
2099,0.1293388311421281
2100,0.9978536603042799
2101,0.0017947072288809645
2102,0.999999891606306
2103,0.0016059739702764537
2104,0.04948810582705656
2105,0.03466732976312164
2106,0.996954334283274
2107,0.9999638765943982
2108,0.9999995407990147
2109,0.9961977398668085
2110,9.102960779165288e-05
2111,0.013497230205549486
2112,0.9999795162639785
2113,0.0003325721729555261
2114,0.985344212298418
2115,4.7178916254379614e-05
2116,1.3386492196888839e-05
2117,5.099649683658351e-07
2118,0.00011592855138876041
2119,0.9999840097121787
2120,0.00018002488761072766
2121,0.0029507367677830115
2122,0.9999243469622243
2123,0.9999322571818342
2124,0.8693820354194874
2125,0.00023121401656549053
2126,0.002359182935250594
2127,5.787650946407354e-07
2128,0.014443961655190326
2129,3.9747732597356965e-06
2130,0.027293152477213107
2131,0.8413564332138521
2132,0.0034033620310798146
2133,0.9999999679641379
2134,0.9998527329741744
2135,0.0018468061893015155
2136,0.999628191676
2137,0.999890607610804
2138,0.9996506632493749
2139,0.9999950927161242
2140,0.9971517786659021
2141,0.9978276272075918
2142,0.9851528394424395
2143,0.00152772749953513
2144,0.9999505978793308
2145,0.9630302762194834
2146,0.920023914392937
2147,0.018626954251647503
2148,0.9998376493809021
2149,1.0436413486260588e-05
2150,0.9999878261146687
2151,0.9997917657935661
2152,0.9970604097974336
2153,0.8484882569478315
2154,0.9999999706315736
2155,0.0030161597241993385
2156,0.0019127166953275133
2157,1.0039333689571728e-06
2158,1.1798623164952615e-06
2159,0.021221125277687148
2160,0.9752711122021599
2161,0.09634201336375452
2162,0.9999797844472624
2163,0.9996034308652986
2164,0.9999043875546095
2165,0.9993514144352643
2166,0.9990461865114764
2167,0.9999999326820613
2168,0.0007899161464444589
2169,9.346778358584252e-11
2170,0.0031254958485953544
2171,0.999614276291204
2172,0.999996424484315
2173,0.00012271217157439575
2174,0.9999996105828768
2175,5.138342505467432e-06
2176,0.9873129359591563
2177,0.02450076656891907
2178,0.00043405922142573163
2179,0.9997667601556883
2180,0.9999980686104469
2181,0.003736137260928521
2182,0.9619121398766257
2183,0.01012747715875136
2184,0.9998738561032473
2185,0.009246760728110481
2186,2.683596151064713e-11
2187,0.9997777720049358
2188,0.9972342001753693
2189,0.9776824978172233
2190,0.9942078448808105
2191,0.8497239447530396
2192,0.9997608819858919
2193,2.861283343790104e-07
2194,0.9995866939308212
2195,0.03022296148403884
2196,0.18072210564148966
2197,0.9834386476819682
2198,0.9999963534777883
2199,3.279353857923241e-06
2200,0.999853273095299
2201,0.9999731918016207
2202,0.9999976029951887
2203,4.565185977048049e-05
2204,0.0011282107682381013
2205,0.9999977850601264
2206,0.999997637760637
2207,0.003814625420106489
2208,0.9999219095331943
2209,0.8007999234579681
2210,0.0001668598104293749
2211,3.363887931428257e-05
2212,0.9938508457933487
2213,0.003994362373147165
2214,0.0017555528017836979
2215,0.9109234338017352
2216,0.9999739457043709
2217,0.9972279644124065
2218,0.8572570939591139
2219,0.1908274889560241
2220,0.5857273953496415
2221,0.7936785392112103
2222,0.9999962360613519
2223,0.9999289301886102
2224,4.6800584980233605e-05
2225,0.9814405428825979
2226,0.9999630124784216
2227,0.9994415471854163
2228,0.9979886467686602
2229,0.997667710348388
2230,0.0004266757394903812
2231,0.00035407753985149484
2232,0.07096768814453924
2233,0.016037649437099465
2234,0.07292465920952355
2235,0.9997961192602765
2236,0.9554706462898108
2237,0.00021051968552823592
2238,0.9995169324557869
2239,0.0004690792922122567
2240,0.9998696067351067
2241,0.9999999893306896
2242,0.9996382856270514
2243,0.0003737903742154556
2244,0.9999882595122034
2245,1.96260509922689e-05
2246,7.139615427362491e-06
2247,0.9999912514965665
2248,1.4244747573631067e-05
2249,2.5159484770827868e-05
2250,9.237383346250998e-05
2251,0.9999160181478061
2252,0.9982566021377531
2253,0.00932374662373244
2254,6.5155683013511875e-06
2255,0.999974897511866
2256,0.999787267402078
2257,0.09645507908109649
2258,0.9906207110725992
2259,0.010392530057138138
2260,0.9999997387048062
2261,0.0005427513599718847
2262,2.7649900246898643e-05
2263,0.9886432974635985
2264,0.9989741176665039
2265,0.9982132200506904
2266,6.455234856048932e-06
2267,0.11827130535465921
2268,0.06575578089582831
2269,0.999978522520539
2270,8.56758441527667e-08
2271,0.46337534465794383
2272,0.020195408450875658
2273,0.6638472769512608
2274,0.0005742858944398485
2275,0.9995304566973372
2276,2.312385690851728e-05
2277,0.10636460229112071
2278,9.05041673883605e-07
2279,0.9727671863287162
2280,0.9818982437545235
2281,7.349806140994268e-06
2282,2.201542971009615e-05
2283,5.0155462885966004e-05
2284,2.5679838412184147e-05
2285,0.0016710037801840475
2286,0.9999999313852992
2287,0.9902678279011914
2288,0.0004380126979176615
2289,0.999997358332773
2290,0.00022385552458267427
2291,0.9994436442399655
2292,0.998912040534226
2293,0.9990638776780797
2294,0.00010446609067558854
2295,0.9794614137514643
2296,6.364966898756366e-08
2297,0.9991590593619978
2298,0.005912433481284843
2299,0.00217746208910387
2300,0.12080378295758407
2301,0.9999991951312929
2302,0.9667338990441547
2303,0.9999961394445133
2304,5.322793422064964e-05
2305,0.8126780980113504
2306,0.9999801836991408
2307,0.007508513059771428
2308,0.0002554721915583519
2309,0.9722062968099857
2310,1.6649067725034022e-05
2311,0.9864693414915519
2312,0.9982129577077172
2313,0.9999817977798183
2314,0.9808158464107369
2315,5.95241773001122e-05
2316,0.0017702280297602212
2317,0.9999994557870615
2318,0.986153568684427
2319,0.13449825904728124
2320,1.5225207811114475e-05
2321,0.9863463578686607
2322,0.0038374865469041402
2323,0.00025578735795265287
2324,7.971255364348258e-05
2325,0.00017701542290962565
2326,0.9699973785675728
2327,3.953299498844043e-06
2328,0.8925695903462383
2329,0.00016620829343305134
2330,0.9999981321268372
2331,0.9999620463106049
2332,0.9996787880664172
2333,0.003106252481832079
2334,0.9973512151460011
2335,0.9992814311928359
2336,0.9997785588424155
2337,0.00033016336491095347
2338,0.9996037873593647
2339,4.843489800478322e-06
2340,4.1243203498899473e-07
2341,0.04938062044736976
2342,8.013370853790585e-05
2343,0.9998926526928437
2344,0.999697007349873
2345,0.9961256200745449
2346,0.05386871561834835
2347,0.9999541436754931
2348,0.9999761983794087
2349,1.3720871956785956e-05
2350,0.9929411991161907
2351,0.9999517008213133
2352,4.556477215581811e-06
2353,0.9999480433910969
2354,0.00019736973641558287
2355,0.11986824813324992
2356,0.00012073725028606345
2357,0.9118896587165932
2358,0.19715173623663335
2359,2.157726095011763e-07
2360,0.9999978192171631
2361,0.9966556424727273
2362,1.1104257933316407e-08
2363,0.0006992549525596229
2364,0.9972819036110556
2365,0.002026021448473763
2366,0.012808727071809986
2367,0.9995955584830633
2368,0.9986735535707989
2369,0.18264043289725626
2370,0.9820741588725231
2371,0.9719443920247747
2372,0.9999356502184739
2373,0.00041922384411214285
2374,0.00016416830009829814
2375,0.9976883254303552
2376,0.0032135783443737534
2377,0.9580078343498192
2378,0.999999811676893
2379,0.021097798599545272
2380,0.003243944705207428
2381,0.9991400520014821
2382,0.9998212389698954
2383,0.9999687369796679
2384,0.00045153511842001677
2385,0.9861863523994134
2386,0.0019324881539512643
2387,0.9999806259953845
2388,0.9999073484744696
2389,0.010021112849712818
2390,1.7613633443881154e-07
2391,0.001068725699967758
2392,0.006095592130561191
2393,0.9932366354467503
2394,0.9995238970663722
2395,0.00016640008906453388
2396,0.9079721200194159
2397,0.9999998318205735
2398,0.9998655311775996
2399,0.9945253922146086
2400,0.00021126724605598633
2401,5.169740419547186e-06
2402,0.9999998453310975
2403,0.0011763443904528948
2404,0.9998167609155508
2405,0.9999936137846117
2406,0.9999975803338615
2407,0.9999997618017474
2408,0.9999839540782155
2409,0.018412016699770873
2410,0.9999949289109318
2411,7.760169202809838e-06
2412,0.0026356461668527913
2413,0.9999996608610804
2414,0.0007233056195401629
2415,0.9996984356233933
2416,0.0007115579891709593
2417,0.7993845261539586
2418,0.018654249451181253
2419,1.3525233574983907e-06
2420,0.999924424726731
2421,0.013685838330465156
2422,0.003167029463629136
2423,0.9999964502559243
2424,0.00010826171167057958
2425,0.000841653380353339
2426,0.9984761719316376
2427,3.2446118148413715e-05
2428,7.588027237204146e-05
2429,0.9967981093665552
2430,0.0012299893831957873
2431,0.9999637416001292
2432,0.9999525270079971
2433,0.007555092541080408
2434,0.9891972858634956
2435,0.999715934801289
2436,0.002430713499309581
2437,0.9999999183839681
2438,0.9999906962667061
2439,0.9999607596934065
2440,0.9999962878843023
2441,0.9982363155462876
2442,0.9876054938874801
2443,0.0002713831437240257
2444,0.9999998477477149
2445,5.319003032037589e-07
2446,0.0008755187913189684
2447,0.9999803299483616
2448,0.9962126435918374
2449,0.9950121607079709
2450,1.774813769731449e-05
2451,0.0009710666935006354
2452,7.787609115289691e-05
2453,0.9993208977328054
2454,0.000834028752684106
2455,0.0010616926124337282
2456,0.8864870943722967
2457,0.9999937141250624
2458,0.7975686540977922
2459,0.21541560341502536
2460,7.171367946255407e-06
2461,0.9998771506312575
2462,0.9994314860145554
2463,0.9999099235565656
2464,0.9970187960592893
2465,0.9988610900051894
2466,2.2808850731307817e-05
2467,0.07474928661866936
2468,0.967613669178461
2469,3.4949529408599764e-06
2470,0.9063176670847944
2471,0.9999915093332218
2472,0.9825196435925581
2473,5.621484015958052e-09
2474,0.9999939684180921
2475,0.7652257172668321
2476,0.01860212028992183
2477,0.9843841765376378
2478,0.9997814272266997
2479,0.9985659969042396
2480,9.35971155853427e-06
2481,2.775390439536811e-06
2482,0.9999884558349622
2483,0.9979298938919421
2484,1.290529111641445e-06
2485,0.5078402848546956
2486,0.9999807865659385
2487,0.9999857490819126
2488,0.0006550566667989465
2489,0.00010262799209303487
2490,0.9999331479324841
2491,0.9999639823174648
2492,0.00017889494777091774
2493,0.995444618444693
2494,0.9999934681063425
2495,0.9730328432169935
2496,0.999958766984531
2497,0.7364855570928059
2498,0.0010271612640940868
2499,0.00217852086492873
2500,0.004448006512524542
2501,0.9998638875223885
2502,0.9999920085918301
2503,0.9966892425021364
2504,0.9997099658642051
2505,0.9999999995381661
2506,0.9999904583786057
2507,0.02765913414418743
2508,0.0003921425334880506
2509,0.010423320300640297
2510,0.9999561819420775
2511,0.9993812708428782
2512,0.9877664637660734
2513,0.0023116136165583457
2514,0.9999820139888042
2515,8.908669695072837e-05
2516,4.118778379453304e-06
2517,0.9900416349519032
2518,0.9981959616486915
2519,1.4981257609331337e-05
2520,0.9999962652171961
2521,0.999202611714001
2522,2.112486458766364e-08
2523,0.9999755807207421
2524,0.0007167592430494272
2525,0.00042616294402689393
2526,0.9999998166559637
2527,4.645842156156599e-05
2528,0.972523875926504
2529,0.9999013316197514
2530,0.9999868510233781
2531,0.0002920739642344843
2532,0.9999029147404787
2533,0.9999981016100637
2534,0.9986926404420708
2535,0.9839916138408753
2536,0.9998523279433854
2537,0.0001070215551131706
2538,0.9999715225131163
2539,0.0007742106326503086
2540,0.9997994135080397
2541,0.9997071184834223
2542,0.9988482655055292
2543,0.015133167395295785
2544,0.0001103843105231854
2545,0.9999915207131498
2546,0.6203873475441124
2547,0.006507491469732226
2548,8.163955328843839e-06
2549,0.9848075721807846
2550,0.002317851437086028
2551,0.9770491659737425
2552,0.0007243455781522377
2553,0.999309416924137
2554,2.6072139844130888e-06
2555,0.9968688535224823
2556,2.4921074160018025e-05
2557,0.0001079910307387561
2558,0.028258828256056925
2559,0.9968605542676158
2560,3.339222977947515e-05
2561,0.0004585747327093541
2562,0.9976840305078233
2563,0.005738687860042237
2564,0.9999964626448803
2565,1.9938127024987224e-06
2566,0.9915590816487573
2567,2.525949832892261e-06
2568,9.612944848245044e-05
2569,0.9987165457333717
2570,2.7341491577312877e-06
2571,6.29104071829364e-06
2572,0.0009187618134301915
2573,0.9999737650768576
2574,0.7438068823283653
2575,0.022393680538470098
2576,0.9987504205064863
2577,0.9999359769118306
2578,0.9719315256309293
2579,0.0016891713900107558
2580,0.17990189607297466
2581,0.0008562373345411137
2582,0.9998379642285598
2583,0.9986328757704825
2584,6.68613981872016e-05
2585,0.9965002874838746
2586,0.9985838806985688
2587,0.02744913052348173
2588,0.9987073902744814
2589,0.9971973395696382
2590,1.6230676374949432e-06
2591,0.997617378967439
2592,0.9972366915068707
2593,0.99745986160608
2594,0.999985248230985
2595,0.9999341378217991
2596,0.9986859687345476
2597,0.7390768365711338
2598,0.9995398925107795
2599,0.9999494368222
2600,0.9969640232037777
2601,0.00014456014530509078
2602,0.9995277892010611
2603,0.1241359920673411
2604,0.9999240349850528
2605,0.5501434888456946
2606,1.8549497089722793e-05
2607,0.9948076376514952
2608,0.15470372094835827
2609,3.0949003188684006e-07
2610,0.9999920381509075
2611,0.9999933125354359
2612,0.0043183181648633355
2613,0.9999996741903889
2614,0.0004595784320574523
2615,0.9994848201173221
2616,0.999981638754266
2617,0.0010809279211161586
2618,0.9986437071262092
2619,0.15002865823483433
2620,0.9841259549108384
2621,0.9999974978270775
2622,0.0018107319715460893
2623,0.9997481017187361
2624,0.00028696502885999114
2625,0.9999980088361725
2626,0.00023324939411279466
2627,0.9998329021490441
2628,0.9997663109803119
2629,0.00038760209367840067
2630,0.9999818156995512
2631,1.576250074481112e-05
2632,0.0056876168271546524
2633,0.9999885620546639
2634,0.9999851489392738
2635,0.9999983157480886
2636,0.9944297120897669
2637,0.9998787557219616
2638,0.9996316163422501
2639,0.07352468695509964
2640,0.9484245507508143
2641,0.9779207891740973
2642,8.744899899541021e-08
2643,0.006580931210306158
2644,0.9999999084273994
2645,0.8195733434327874
2646,0.4778213310867222
2647,0.8612697853897214
2648,0.00015661416087094747
2649,0.010144225679735325
2650,1.2506470107860777e-05
2651,3.576680278360968e-08
2652,0.0007156240137125822
2653,0.9296468532047645
2654,0.9996507755010107
2655,0.007354801969664971
2656,0.9999947456087728
2657,0.017336138638082636
2658,0.9956492321051903
2659,0.0004276821750913254
2660,0.9999851672313603
2661,6.0076190926296625e-12
2662,0.00027212622075433406
2663,6.793500344392737e-05
2664,0.00019177812355415918
2665,0.9995171598088227
2666,0.004793873632844339
2667,1.8328997070502691e-07
2668,0.004035489084364335
2669,1.066513576534719e-08
2670,0.9998425119872828
2671,0.9998464735374963
2672,0.999585381230135
2673,0.9999999984324193
2674,0.9999990946682299
2675,0.9999818941626077
2676,0.9657798621678333
2677,0.9999193582599317
2678,3.0203925273723414e-07
2679,6.43263044127216e-05
2680,0.00013057423179750816
2681,0.9998704090851028
2682,0.04482896212429375
2683,0.308661424971826
2684,0.9412994437971387
2685,1.387998081781578e-07
2686,2.575276412721642e-07
2687,0.9999523218292613
2688,0.00023201574195976763
2689,0.9998208665291731
2690,0.9994268972126075
2691,0.9998623828448059
2692,0.00029210418155915265
2693,0.00030270947615943633
2694,0.9989916664669533
2695,0.9999629717130454
2696,0.03404291386828383
2697,0.9999999204456068
2698,4.691032761420219e-09
2699,0.9999262817335389
2700,0.00042553997507656903
2701,0.9999597542131413
2702,0.37634096897516206
2703,0.9999940080272007
2704,8.841534610903836e-05
2705,3.315016004355745e-05
2706,0.9999797876383694
2707,0.08368745293649865
2708,0.012150217949608296
2709,0.0006513355812877625
2710,0.0002832415367616967
2711,0.00028585065880346185
2712,0.9999768921203871
2713,1.636108002318973e-05
2714,2.8874481991889295e-08
2715,0.9998581747880433
2716,0.9979653370881296
2717,0.9999963705747521
2718,0.9999745872295381
2719,0.9991716013412572
2720,0.9859760327738835
2721,0.06712438636932319
2722,0.9999972493269236
2723,0.9743547527807902
2724,1.2705036136182088e-08
2725,0.018427318360327065
2726,1.8451370484518098e-05
2727,1.3423520078841482e-07
2728,0.00713657279097769
2729,3.244820037969708e-05
2730,3.766010310620489e-08
2731,0.02303188304874279
2732,0.9999999625084578
2733,0.9822080576609107
2734,0.9998660368453783
2735,0.9612531044443026
2736,0.999999994902887
2737,4.514829460965876e-07
2738,3.2881750159587144e-05
2739,0.5694867270315224
2740,0.9998037718551703
2741,0.9999800210199099
2742,0.9999332922910185
2743,0.99999952806057
2744,0.003093613223141615
2745,0.9995836330500364
2746,3.07037280448326e-05
2747,0.9998850447987567
2748,0.999813181524863
2749,3.02087127649088e-08
2750,0.9529899115454419
2751,0.9882525125773262
2752,0.01237232467672916
2753,4.212272190848849e-07
2754,0.9990819789733363
2755,0.9990023737230671
2756,0.9999886995264314
2757,0.00046865290980697277
2758,0.9999890807929885
2759,0.9993291241406923
2760,0.08550946371887361
2761,0.9987922178189701
2762,0.00010412382601407451
2763,3.0148532576718163e-05
2764,0.9999884679723119
2765,0.00021281494218137513
2766,0.9997144889458555
2767,0.00022434303354166408
2768,6.24660041117772e-07
2769,0.0006464484525426703
2770,0.0044401389496200126
2771,0.9752531036310367
2772,2.524804756830671e-06
2773,0.015822053355951934
2774,0.03563854983366803
2775,0.00023635582234894103
2776,3.178095729366152e-05
2777,0.9999931504028569
2778,0.9999703505109022
2779,0.9999325958972641
2780,0.0011405696809566252
2781,0.9999824468559256
2782,0.9999755148225709
2783,1.6661167944399123e-07
2784,6.618060541311433e-05
2785,4.806800436842529e-06
2786,0.9997200488485559
2787,0.9955694022568989
2788,1.940638572406238e-05
2789,0.9990556062324052
2790,0.0548983626645175
2791,0.9997388388128104
2792,0.00044181640147577454
2793,0.9998257650394322
2794,0.9998401998586545
2795,0.9858642234807623
2796,0.9222490481695096
2797,0.004631989138375174
2798,0.9914505940323519
2799,0.9999915621625097
2800,0.00016093932744224313
2801,0.0008201372845574213
2802,5.550081059418141e-08
2803,0.9996098911846663
2804,0.9999999798293984
2805,0.0005592135704902986
2806,0.9998918969037112
2807,0.00013807117469707611
2808,5.540063597866834e-06
2809,0.9994655919388107
2810,0.9999336177034371
2811,0.9999917422318333
2812,0.05602697436148359
2813,0.3332473375899688
2814,0.9914969591385066
2815,0.0005595986958385878
2816,0.999973167124278
2817,0.9843482907264953
2818,0.00088200487595786
2819,5.945923669644163e-10
2820,0.997945593425911
2821,1.2736464469538529e-05
2822,0.0022747718100665252
2823,0.9999411924530446
2824,0.9985379149702528
2825,0.9980325815791798
2826,0.998945936833223
2827,5.420411586029599e-06
2828,0.9905726772041068
2829,0.9972494786192979
2830,0.01769869295243141
2831,5.30824894170183e-06
2832,0.8730350624790789
2833,2.9817740243213344e-05
2834,0.7544026453790262
2835,0.0003241660962707799
2836,2.563018263487105e-09
2837,0.9526721813290961
2838,0.999983414975001
2839,0.9855925821881257
2840,5.3033272147267204e-05
2841,1.6610538497162035e-08
2842,0.00037687157844804584
2843,8.568632312296381e-07
2844,0.9553255273193747
2845,3.299760177448096e-05
2846,0.9997305988020192
2847,0.9998401718712112
2848,0.999880698898106
2849,0.011174898871674851
2850,0.014762131551296655
2851,1.6982348873939957e-07
2852,0.9991627522888696
2853,0.00023596948880613065
2854,0.9970918236514477
2855,0.02386982987731545
2856,0.00019109284276779887
2857,6.636018891092576e-06
2858,1.700752976477262e-09
2859,0.9991217749164761
2860,0.005106887143901072
2861,0.9999779877255013
2862,0.9999755895893316
2863,0.9999812779341364
2864,0.004579363596357041
2865,0.8369164218150724
2866,0.9985949709759404
2867,0.999785028664412
2868,0.000494290735750307
2869,0.022124196277300567
2870,0.999999179969694
2871,0.0004938204150809248
2872,0.9999999766158755
2873,0.9814225814267074
2874,1.5917367732035177e-06
2875,0.0028019349233894954
2876,0.9965121537881052
2877,0.0020379231887689944
2878,0.9999811042436049
2879,0.9999111053106442
2880,0.9998608825953731
2881,0.00036871611413728025
2882,0.9998854677865137
2883,0.9999990084442907
2884,1.6962578609813583e-05
2885,6.832158410652628e-10
2886,0.9978474943942777
2887,0.001738630089920066
2888,2.7319083614659905e-05
2889,0.9999689079871166
2890,0.9999905244155627
2891,0.9828401611187885
2892,0.9872183539794316
2893,0.9997267960928415
2894,0.0010885139835622342
2895,0.9997300971156717
2896,0.999987703781213
2897,0.9999343711952674
2898,0.00018652725606087294
2899,0.977859418322206
2900,0.020863926147155872
2901,0.9999855408111424
2902,0.999508318326254
2903,0.9998421539151408
2904,0.2493423958074213
2905,0.9999618727936778
2906,0.9997563898548186
2907,0.0048940631889560675
2908,1.2433936751941e-07
2909,0.6054115771938406
2910,0.9951881460627653
2911,5.301190017131044e-06
2912,0.9385532350309645
2913,3.6813222602529943e-08
2914,0.9628348806704682
2915,0.9997198477309892
2916,0.9994844740936721
2917,0.9999899909259424
2918,0.9999875912895752
2919,0.9997986927264991
2920,0.0008241516289845064
2921,0.9988390503002533
2922,0.9999831949350384
2923,0.9999879396528816
2924,0.0007187686099190396
2925,0.9986207800043173
2926,0.9999614575855869
2927,9.878213491783187e-05
2928,8.951561813230802e-10
2929,1.436030241964753e-07
2930,0.9781170322772454
2931,0.9998990473062137
2932,0.7326815658168768
2933,0.0007476039457620079
2934,0.9993621921300432
2935,0.9857244354876702
2936,0.9999975877194893
2937,0.004765778845801561
2938,0.0005980024773784462
2939,0.9998894648943797
2940,0.0007200678535116069
2941,0.004341113220638802
2942,0.9983411090192957
2943,1.9243440052387896e-05
2944,0.0006022895631828255
2945,0.9976140175623799
2946,0.9999995475788823
2947,0.0025262844177399452
2948,1.0791825905400797e-07
2949,0.9995953644236193
2950,0.016444069085052648
2951,0.7046618000629845
2952,0.0022132648799856286
2953,0.9995008677899325
2954,0.04646837760752951
2955,0.9999222210205978
2956,2.8113357780839307e-08
2957,0.0035091645217641765
2958,0.9999786486826532
2959,0.010425071312662184
2960,0.9617702056847313
2961,0.011639276912252946
2962,0.9999952551075088
2963,0.9999638008759721
2964,8.823780632304058e-05
2965,0.999259002234823
2966,2.611151219741309e-05
2967,0.9872678023133076
2968,0.9999701923610912
2969,7.678576109249068e-08
2970,0.9999998825783101
2971,0.9999986283729234
2972,0.0007612731693853786
2973,0.9956080114652013
2974,0.0008571637906002558
2975,0.9999987302687043
2976,0.9995429410292912
2977,0.9899267884427685
2978,0.0015345489280720326
2979,0.9956658580269487
2980,5.289345871187457e-06
2981,6.910458616118431e-08
2982,0.00019083151688809486
2983,0.990791642969145
2984,0.9999996386922485
2985,0.0010746810730504085
2986,3.235721899521763e-05
2987,0.0034998349430624257
2988,0.9997741605681881
2989,6.008643181101682e-07
2990,7.208693988175513e-05
2991,0.9984765808419698
2992,0.9940146897158935
2993,0.0012444239645289584
2994,0.9992286727205193
2995,0.9999367141241737
2996,0.00028430996722669235
2997,0.9966128628662221
2998,0.8620396067066649
2999,0.9987469891772838
3000,0.8763832429218026
3001,0.00035763303940387637
3002,0.999972058916893
3003,0.9967813435865209
3004,0.9945835411250539
3005,0.9999958686060034
3006,0.9999134437477847
3007,0.9999999311712001
3008,2.2336955627988694e-08
3009,0.05845243074081813
3010,0.0001594469639770006
3011,3.53259012871309e-05
3012,0.9997991763467766
3013,1.9314762698639424e-08
3014,0.9982978362188621
3015,0.9999554436401275
3016,0.004877721621258731
3017,0.999984184957226
3018,0.992943062069405
3019,0.9993753637815125
3020,0.00030968398930072754
3021,0.9998885641768476
3022,0.999999825712452
3023,0.9991773340256362
3024,0.001790004455005897
3025,0.9959528300199568
3026,0.9999306510552114
3027,0.0022769706796923568
3028,0.002137108229817451
3029,0.001019268559956481
3030,0.9999399367319549
3031,0.9999442469405513
3032,0.0012798933743663195
3033,0.00061415364030178
3034,0.00015244480718242312
3035,0.9998913553861527
3036,3.6089988381354835e-05
3037,0.002862144276649099
3038,0.9885464750600567
3039,0.99973656074027
3040,0.9857578708908769
3041,0.9993357246169585
3042,0.000536935435690208
3043,0.9148238726969645
3044,0.001422540043951531
3045,0.0002449690851003748
3046,0.9999993076968597
3047,0.9949455769580314
3048,0.0013379666990823633
3049,0.9998830813171461
3050,0.9997561957424137
3051,0.9451450982411865
3052,0.5295384110708399
3053,0.996772862804537
3054,0.00412072822169921
3055,0.00017293526081812844
3056,0.9965932337594668
3057,0.00034752998912795246
3058,0.002460196160626415
3059,0.0111677895968665
3060,0.9952287168742273
3061,0.0006337920629813383
3062,0.9896305847873254
3063,0.00014502954155362226
3064,6.986643318545181e-08
3065,0.9970572152820345
3066,7.494229700431045e-07
3067,0.9999961115491651
3068,6.76869297562004e-08
3069,0.9999953776238406
3070,0.998217550476348
3071,0.9968600318448487
3072,1.7136595339287132e-05
3073,0.0003997654820899509
3074,0.9999837160996213
3075,0.9993232206278639
3076,0.9998830595701308
3077,0.5475927524661137
3078,6.887052551140074e-07
3079,0.9999926664344162
3080,0.9546658012459179
3081,0.9991006142396134
3082,2.872241103447422e-05
3083,2.697930237623633e-08
3084,0.006649005574518226
3085,0.0009082942062110036
3086,0.999994113177784
3087,0.0007143934474989726
3088,8.495906624957493e-06
3089,2.2363227506324734e-06
3090,0.004345881266658661
3091,0.9999999554399739
3092,0.997342283349318
3093,9.491832777128607e-08
3094,0.8298194680142769
3095,0.002280205246735659
3096,0.9494835028798705
3097,5.4090144553812e-05
3098,0.9978723731646362
3099,0.9997357665349624
3100,0.9993964482094403
3101,0.023282009695886764
3102,0.9999425584369781
3103,0.0007054014991591464
3104,0.9997276544546522
3105,0.0022391541801173908
3106,0.0011346372081306212
3107,0.5713582650555293
3108,0.04600163850619032
3109,0.003652011652126391
3110,0.008023663835289003
3111,0.998883354028702
3112,0.9993238668983648
3113,0.9836265517797081
3114,0.9928789264294681
3115,0.0005988805447352897
3116,0.00012780000375912798
3117,0.9998733601779661
3118,0.9934135876236809
3119,0.0037420820485973573
3120,0.9997421091804704
3121,0.0008191205881383849
3122,0.0009296372684111862
3123,0.00017173983142614174
3124,0.9999977521906704
3125,0.9695126982040807
3126,6.101987403641661e-07
3127,0.9999992286297671
3128,0.999911079632589
3129,3.82954431505387e-06
3130,0.9716864733663289
3131,0.9811901214758272
3132,0.0223430191594188
3133,0.002482627280673043
3134,0.9947484295154102
3135,0.2961778129125108
3136,0.9994399783399389
3137,0.9999880370796613
3138,0.0038416830847006643
3139,0.07724630142124836
3140,0.9999121090549253
3141,6.4531673292251455e-06
3142,0.9991594110958603
3143,0.9999888187191877
3144,0.0007602380480472723
3145,0.9999711570678669
3146,0.9999702285247788
3147,0.9984830901786262
3148,0.9997178531267831
3149,0.9974225976604383
3150,0.0006817963943832379
3151,0.9998922755343491
3152,1.682363065731277e-06
3153,3.324707277088882e-08
3154,0.9985377009749211
3155,0.01558152484568654
3156,0.9767125505806694
3157,0.999849276872547
3158,0.0027026955846379637
3159,2.2727717449749646e-05
3160,0.0006950171239580652
3161,9.198233550583557e-06
3162,0.0031461044131126437
3163,0.9998180730556034
3164,6.381512776000089e-05
3165,0.9998482640319473
3166,0.0899314215280511
3167,9.910661634028517e-05
3168,0.052824357130588556
3169,0.15501034185477094
3170,0.9980972659842233
3171,0.9999102290716992
3172,0.9999731840400683
3173,0.9990456484897897
3174,0.999985813841278
3175,5.119890930932896e-06
3176,0.9997155761963892
3177,0.9997240146111331
3178,0.0002654708079251792
3179,0.9599616278415399
3180,0.9955714162886333
3181,0.0013692879439094173
3182,5.7179210145165886e-05
3183,0.9986798749897924
3184,0.001998735538624082
3185,0.9701224813620641
3186,0.0021789075804447204
3187,0.01755462217171414
3188,1.120496729341622e-07
